ts_utc,mid,spread_bps,depth_bid_0p5pct,depth_ask_0p5pct,depth_bid_1pct,depth_ask_1pct,depth_bid_0p5pct_usd,depth_ask_0p5pct_usd,depth_bid_1pct_usd,depth_ask_1pct_usd
2025-09-13T15:38:54Z,0.54355,1.8397571520557259,2308421.3999999994,1879451.9999999995,4695619.699999999,3199575.5000000005,1251469.0346499996,1023785.8265500002,2539727.0397599996,1746798.8122100006
