ts_utc,mid,spread_bps,depth_bid_0p5pct,depth_ask_0p5pct,depth_bid_1pct,depth_ask_1pct,depth_bid_0p5pct_usd,depth_ask_0p5pct_usd,depth_bid_1pct_usd,depth_ask_1pct_usd
2025-09-13T17:36:55Z,0.53815,1.8582179689675553,1692472.3000000003,2177692.7000000007,4371831.4,3461574.000000001,908858.9546800001,1174832.94818,2339773.6559000006,1871078.9293300002
