ts_utc,mid,spread_bps,depth_bid_0p5pct,depth_ask_0p5pct,depth_bid_1pct,depth_ask_1pct,depth_bid_0p5pct_usd,depth_ask_0p5pct_usd,depth_bid_1pct_usd,depth_ask_1pct_usd
2025-09-19T20:50:33Z,0.48995,2.041024594346137,2650275.3000000003,2585350.800000001,5543576.499999998,3862903.8000000007,1295312.8723799998,1269397.8420599997,2702949.563370001,1899936.5293699992
