ts_utc,mid,spread_bps,depth_bid_0p5pct,depth_ask_0p5pct,depth_bid_1pct,depth_ask_1pct,depth_bid_0p5pct_usd,depth_ask_0p5pct_usd,depth_bid_1pct_usd,depth_ask_1pct_usd
2025-09-15T23:27:14Z,0.49265000000000003,2.029838627829991,2813146.3000000003,2235680.2000000007,5434441.599999999,3173378.9000000004,1382629.6353,1103949.23625,2664135.8987199995,1569234.90699
