ts_utc,mid,spread_bps,depth_bid_0p5pct,depth_ask_0p5pct,depth_bid_1pct,depth_ask_1pct,depth_bid_0p5pct_usd,depth_ask_0p5pct_usd,depth_bid_1pct_usd,depth_ask_1pct_usd
2025-09-20T07:56:07Z,0.49524999999999997,2.019182231197264,2538524.3,2163804.6,4930688.499999999,3033997.000000001,1253945.00275,1074351.09787,2430261.91377,1508394.55634
