ts_utc,mid,spread_bps,depth_bid_0p5pct,depth_ask_0p5pct,depth_bid_1pct,depth_ask_1pct,depth_bid_0p5pct_usd,depth_ask_0p5pct_usd,depth_bid_1pct_usd,depth_ask_1pct_usd
2025-09-19T10:48:17Z,0.50865,1.9659884006682193,2563392.6,2395883.1999999997,5243752.9,3820216.8000000003,1300858.7263,1221520.80658,2654487.20977,1951122.56893
