ts_utc,mid,spread_bps,depth_bid_0p5pct,depth_ask_0p5pct,depth_bid_1pct,depth_ask_1pct,depth_bid_0p5pct_usd,depth_ask_0p5pct_usd,depth_bid_1pct_usd,depth_ask_1pct_usd
2025-09-18T22:32:04Z,0.52615,1.9005986885866955,2396148.7,2434472.2,4575011.000000001,3837699.000000001,1257885.4591099997,1284046.12219,2395878.0593399997,2027648.88433
