ts_utc,mid,spread_bps,depth_bid_0p5pct,depth_ask_0p5pct,depth_bid_1pct,depth_ask_1pct,depth_bid_0p5pct_usd,depth_ask_0p5pct_usd,depth_bid_1pct_usd,depth_ask_1pct_usd
2025-09-18T23:58:36Z,0.52425,1.9074868860274485,2189386.6000000006,2170611.4999999995,4231313.900000001,3266663.699999999,1145134.39826,1140588.03106,2207942.38815,1719093.6155499995
