ts_utc,mid,spread_bps,depth_bid_0p5pct,depth_ask_0p5pct,depth_bid_1pct,depth_ask_1pct,depth_bid_0p5pct_usd,depth_ask_0p5pct_usd,depth_bid_1pct_usd,depth_ask_1pct_usd
2025-09-18T17:44:32Z,0.52395,1.90857906288747,1843354.0999999999,2364598.2999999993,4250655.899999999,3464895.699999999,963367.0785399999,1241874.05707,2215471.4797500004,1822478.3287600002
