ts_utc,mid,spread_bps,depth_bid_0p5pct,depth_ask_0p5pct,depth_bid_1pct,depth_ask_1pct,depth_bid_0p5pct_usd,depth_ask_0p5pct_usd,depth_bid_1pct_usd,depth_ask_1pct_usd
2025-09-14T20:59:07Z,0.51625,1.9370460048424016,2368342.1,2063125.7,4622414.800000002,3318156.6,1219816.4380300003,1067806.3536999999,2374826.7698700004,1720493.8502
