ts_utc,mid,spread_bps,depth_bid_0p5pct,depth_ask_0p5pct,depth_bid_1pct,depth_ask_1pct,depth_bid_0p5pct_usd,depth_ask_0p5pct_usd,depth_bid_1pct_usd,depth_ask_1pct_usd
2025-09-19T19:23:36Z,0.49195,2.032726903140339,2624847.3,2278463.6000000006,5124150.600000001,3398848.5,1288343.45341,1123672.3141299996,2508623.7705300003,1678949.3197299996
