ts_utc,mid,spread_bps,depth_bid_0p5pct,depth_ask_0p5pct,depth_bid_1pct,depth_ask_1pct,depth_bid_0p5pct_usd,depth_ask_0p5pct_usd,depth_bid_1pct_usd,depth_ask_1pct_usd
2025-09-17T19:23:10Z,0.49575,2.017145738780524,1896123.7999999998,1865060.9,4359099.5,3180403.6999999993,937957.3466199999,926492.3485800001,2150049.50272,1583419.02219
