ts_utc,mid,spread_bps,depth_bid_0p5pct,depth_ask_0p5pct,depth_bid_1pct,depth_ask_1pct,depth_bid_0p5pct_usd,depth_ask_0p5pct_usd,depth_bid_1pct_usd,depth_ask_1pct_usd
2025-09-21T07:36:42Z,0.49615,2.0155195001509423,2594061.5999999996,2953472.9000000013,4908267.199999999,4322114.800000001,1284067.20456,1468784.5954200001,2424338.570759999,2152876.72499
