ts_utc,mid,spread_bps,depth_bid_0p5pct,depth_ask_0p5pct,depth_bid_1pct,depth_ask_1pct,depth_bid_0p5pct_usd,depth_ask_0p5pct_usd,depth_bid_1pct_usd,depth_ask_1pct_usd
2025-09-16T19:23:55Z,0.49705,2.011870033195634,2190465.9,2512297.8000000003,5029439.899999998,3687656.6999999997,1086175.9520200002,1251617.37582,2486987.091500001,1840095.5543099998
