ts_utc,mid,spread_bps,depth_bid_0p5pct,depth_ask_0p5pct,depth_bid_1pct,depth_ask_1pct,depth_bid_0p5pct_usd,depth_ask_0p5pct_usd,depth_bid_1pct_usd,depth_ask_1pct_usd
2025-09-17T11:48:59Z,0.49035,2.0393596410724784,2880237.6999999993,2632764.5,5709222.499999997,3656425.5999999996,1408909.27762,1293741.7057700001,2785764.153010001,1799376.9507600006
