ts_utc,mid,spread_bps,depth_bid_0p5pct,depth_ask_0p5pct,depth_bid_1pct,depth_ask_1pct,depth_bid_0p5pct_usd,depth_ask_0p5pct_usd,depth_bid_1pct_usd,depth_ask_1pct_usd
2025-09-15T21:27:17Z,0.49255,2.030250735965668,1995259.4000000001,2293154.9000000004,4161557.8000000003,3214033.0000000005,980570.0618300001,1132096.6768800002,2039819.6813400001,1589092.42035
