ts_utc,mid,spread_bps,depth_bid_0p5pct,depth_ask_0p5pct,depth_bid_1pct,depth_ask_1pct,depth_bid_0p5pct_usd,depth_ask_0p5pct_usd,depth_bid_1pct_usd,depth_ask_1pct_usd
2025-09-20T14:41:39Z,0.49185,2.0331401850155326,2489372.6000000006,2637358.1,5209791.700000003,3772844.3000000007,1221446.9630699998,1300051.8255,2549552.8997300006,1862839.46091
