ts_utc,mid,spread_bps,depth_bid_0p5pct,depth_ask_0p5pct,depth_bid_1pct,depth_ask_1pct,depth_bid_0p5pct_usd,depth_ask_0p5pct_usd,depth_bid_1pct_usd,depth_ask_1pct_usd
2025-09-17T07:58:50Z,0.49605,2.0159258139298255,2570911.1999999997,1908211.5999999996,4763609.9,3020499.0999999987,1272303.6701300002,948788.0968699999,2351907.741270001,1504588.96006
