ts_utc,mid,spread_bps,depth_bid_0p5pct,depth_ask_0p5pct,depth_bid_1pct,depth_ask_1pct,depth_bid_0p5pct_usd,depth_ask_0p5pct_usd,depth_bid_1pct_usd,depth_ask_1pct_usd
2025-09-18T14:55:53Z,0.51845,1.928826309190645,2517793.6,2409443.5,4690933.999999998,3654228.8000000003,1302063.1803700002,1252175.14395,2420452.46994,1902450.1087099998
