ts_utc,mid,spread_bps,depth_bid_0p5pct,depth_ask_0p5pct,depth_bid_1pct,depth_ask_1pct,depth_bid_0p5pct_usd,depth_ask_0p5pct_usd,depth_bid_1pct_usd,depth_ask_1pct_usd
2025-09-14T04:55:33Z,0.53245,1.8781106207153533,2010860.9000000001,2568522.8000000003,3920304.5999999996,3483358.4000000004,1068091.62908,1370447.10236,2077405.5504500002,1861163.0256599996
