ts_utc,mid,spread_bps,depth_bid_0p5pct,depth_ask_0p5pct,depth_bid_1pct,depth_ask_1pct,depth_bid_0p5pct_usd,depth_ask_0p5pct_usd,depth_bid_1pct_usd,depth_ask_1pct_usd
2025-09-16T06:49:39Z,0.49085,2.037282265457655,2258717.8000000003,2538163.3000000003,5514601.000000001,3548424.9999999995,1105808.6864999998,1248757.19916,2692725.3356,1748198.8662000003
