ts_utc,mid,spread_bps,depth_bid_0p5pct,depth_ask_0p5pct,depth_bid_1pct,depth_ask_1pct,depth_bid_0p5pct_usd,depth_ask_0p5pct_usd,depth_bid_1pct_usd,depth_ask_1pct_usd
2025-09-15T10:40:26Z,0.49845,2.0062192797670577,1996553.5999999999,2927598.1999999997,5020198.699999999,3839098.4,992900.9191099999,1462468.9985900002,2489057.89621,1920204.91272
