ts_utc,mid,spread_bps,depth_bid_0p5pct,depth_ask_0p5pct,depth_bid_1pct,depth_ask_1pct,depth_bid_0p5pct_usd,depth_ask_0p5pct_usd,depth_bid_1pct_usd,depth_ask_1pct_usd
2025-09-18T13:44:48Z,0.51445,1.943823500825911,2250645.4000000004,1851857.1000000003,4987804.4,3000357.600000001,1154943.14923,954858.24349,2552814.23911,1550039.2253599996
