ts_utc,mid,spread_bps,depth_bid_0p5pct,depth_ask_0p5pct,depth_bid_1pct,depth_ask_1pct,depth_bid_0p5pct_usd,depth_ask_0p5pct_usd,depth_bid_1pct_usd,depth_ask_1pct_usd
2025-09-17T05:53:07Z,0.49085,2.037282265457655,2621273.2,2330535.3,5195486.399999999,3105754.3,1283548.0754500001,1146775.39002,2537348.0933400006,1530108.9640699998
