ts_utc,mid,spread_bps,depth_bid_0p5pct,depth_ask_0p5pct,depth_bid_1pct,depth_ask_1pct,depth_bid_0p5pct_usd,depth_ask_0p5pct_usd,depth_bid_1pct_usd,depth_ask_1pct_usd
2025-09-16T14:51:07Z,0.49025,2.0397756246810603,1959111.9000000001,1973583.8999999994,4348646.7,2969184.6,958198.1775600002,969684.5579400001,2120490.4975300003,1461543.7607800001
